"variety","clone","site","year","flo","ver"
"Cabernet-Sauvignon","","Lafite",1993,157,233
"Cabernet-Sauvignon","","Lafite",1994,155,240
"Cabernet-Sauvignon","","Lafite",1995,151,241
"Cabernet-Sauvignon","","Lafite",1996,158,247
"Cabernet-Sauvignon","","Lafite",1997,140,223
"Cabernet-Sauvignon","","Lafite",1998,159,252
"Cabernet-Sauvignon","","Lafite",1999,140,226
"Cabernet-Sauvignon","","Lafite",2000,161,244
"Cabernet-Sauvignon","","Lafite",2001,154,236
"Cabernet-Sauvignon","","Lafite",2002,150,242
"Cabernet-Sauvignon","","Lafite",2003,150,223
"Cabernet-Sauvignon","","Lafite",2004,159,248
"Cabernet-Sauvignon","","Lafite",2005,152,229
"Cabernet-Sauvignon","","Lafite",2006,154,236
"Cabernet-Sauvignon","","Bellay",1982,174,263
"Cabernet-Sauvignon","","Bellay",1983,174,257
"Cabernet-Sauvignon","","Bellay",1984,181,300
"Cabernet-Sauvignon","","Bellay",1985,184,283
"Cabernet-Sauvignon","","Bellay",1986,179,290
"Cabernet-Sauvignon","","Bellay",1987,182,273
"Cabernet-Sauvignon","","Bellay",1988,170,270
"Cabernet-Sauvignon","","Bellay",1989,164,238
"Cabernet-Sauvignon","","Bellay",1990,162,246
"Cabernet-Sauvignon","","Bellay",1996,169,270
"Cabernet-Sauvignon","","Bellay",1997,158,240
"Cabernet-Sauvignon","","Bellay",1998,164,271
"Cabernet-Sauvignon","","Bellay",1999,164,251
"Cabernet-Sauvignon","","Bellay",2000,165,250
"Chardonnay","199Col1","Bergheim",1976,167,238
"Chardonnay","199Col1","Bergheim",1977,180,293
"Chardonnay","199Col1","Bergheim",1979,178,276
"Chardonnay","199Col1","Bergheim",1981,168,266
"Chardonnay","199Col1","Bergheim",1982,166,247
"Chardonnay","199Col1","Bergheim",1983,179,247
"Chardonnay","199Col1","Bergheim",1984,187,292
"Chardonnay","199Col1","Bergheim",1985,181,265
"Chardonnay","199Col1","Bergheim",1986,176,265
"Chardonnay","199Col1","Bergheim",1987,187,265
"Chardonnay","199Col1","Bergheim",1988,174,252
"Chardonnay","199Col1","Bergheim",1989,170,249
"Chardonnay","199Col1","Bergheim",1990,172,257
"Chasselas","585Col1","Bergheim",1984,183,257
"Chasselas","585Col1","Bergheim",1985,181,235
"Chasselas","585Col1","Bergheim",1986,177,240
"Chasselas","585Col1","Bergheim",1988,180,245
"Chasselas","585Col1","Bergheim",1989,170,228
"Chasselas","585Col1","Bergheim",1990,166,220
"Chasselas","","Bellay",1982,161,213
"Chasselas","","Bellay",1983,161,218
"Chasselas","","Bellay",1984,181,236
"Chasselas","","Bellay",1985,184,262
"Chasselas","","Bellay",1986,179,229
"Chasselas","","Bellay",1990,161,225
"Chasselas","","Bellay",1996,168,219
"Chasselas","","Bellay",1998,165,225
"Chasselas","","Bellay",1999,167,229
"Chasselas","","Bellay",2000,166,231
"Grenache","34Col1","Bergheim",1976,174,260
"Grenache","34Col1","Bergheim",1977,186,259
"Grenache","34Col1","Bergheim",1978,193,284
"Grenache","34Col1","Bergheim",1979,184,256
"Grenache","34Col1","Bergheim",1980,201,275
"Grenache","34Col1","Bergheim",1981,181,252
"Grenache","34Col1","Bergheim",1982,178,232
"Grenache","34Col1","Bergheim",1983,185,258
"Grenache","34Col1","Bergheim",1984,196,253
"Grenache","34Col1","Bergheim",1986,184,260
"Grenache","34Col1","Bergheim",1987,193,264
"Grenache","34Col1","Bergheim",1988,182,255
"Grenache","34Col1","Bergheim",1989,173,229
"Grenache","34Col1","Bergheim",1990,175,248
"Grenache","","Bellay",1982,169,248
"Grenache","","Bellay",1985,185,253
"Grenache","","Bellay",1986,183,240
"Grenache","","Bellay",1990,162,241
"Grenache","","Bellay",1996,171,240
"Grenache","","Bellay",1997,157,237
"Grenache","","Bellay",1998,168,240
"Grenache","","Bellay",1999,135,205
"Grenache","","Bellay",2000,168,241
"Merlot","326Col1","Bergheim",1976,173,243
"Merlot","326Col1","Bergheim",1977,186,256
"Merlot","326Col1","Bergheim",1978,190,255
"Merlot","326Col1","Bergheim",1979,182,256
"Merlot","326Col1","Bergheim",1980,197,272
"Merlot","326Col1","Bergheim",1981,173,244
"Merlot","326Col1","Bergheim",1982,174,235
"Merlot","326Col1","Bergheim",1983,182,249
"Merlot","326Col1","Bergheim",1984,194,261
"Merlot","326Col1","Bergheim",1985,186,256
"Merlot","326Col1","Bergheim",1986,178,251
"Merlot","326Col1","Bergheim",1987,187,249
"Merlot","326Col1","Bergheim",1988,176,246
"Merlot","326Col1","Bergheim",1989,170,235
"Merlot","326Col1","Bergheim",1990,172,235
"Merlot","","Lafite",1954,167,230
"Merlot","","Lafite",1955,152,211
"Merlot","","Lafite",1956,170,235
"Merlot","","Lafite",1957,163,233
"Merlot","","Lafite",1958,163,230
"Merlot","","Lafite",1959,159,231
"Merlot","","Lafite",1960,151,207
"Merlot","","Lafite",1961,152,215
"Merlot","","Lafite",1962,168,228
"Merlot","","Lafite",1963,169,234
"Merlot","","Lafite",1964,161,219
"Merlot","","Lafite",1965,173,243
"Merlot","","Lafite",1966,160,222
"Merlot","","Lafite",1967,163,233
"Merlot","","Lafite",1968,171,245
"Merlot","","Lafite",1969,169,247
"Merlot","","Lafite",1970,166,229
"Merlot","","Lafite",1971,169,238
"Merlot","","Lafite",1972,178,248
"Merlot","","Lafite",1973,163,235
"Merlot","","Lafite",1974,165,226
"Merlot","","Lafite",1975,166,234
"Merlot","","Lafite",1976,156,231
"Merlot","","Lafite",1977,175,236
"Merlot","","Lafite",1978,172,246
"Merlot","","Lafite",1979,172,239
"Merlot","","Lafite",1980,172,243
"Merlot","","Lafite",1981,163,239
"Merlot","","Lafite",1982,158,225
"Merlot","","Lafite",1983,167,236
"Merlot","","Lafite",1984,171,234
"Merlot","","Lafite",1985,164,233
"Merlot","","Lafite",1986,171,244
"Merlot","","Lafite",1987,171,241
"Merlot","","Lafite",1988,167,235
"Merlot","","Lafite",1989,148,222
"Merlot","","Lafite",1990,143,211
"Merlot","","Lafite",1991,166,235
"Merlot","","Lafite",1992,147,217
"Merlot","","Lafite",1993,154,212
"Merlot","","Lafite",1994,157,235
"Merlot","","Lafite",1995,152,221
"Merlot","","Lafite",1996,158,228
"Merlot","","Lafite",1997,141,205
"Merlot","","Lafite",1998,155,207
"Merlot","","Lafite",1999,154,228
"Merlot","","Lafite",2000,152,220
"Merlot","","Lafite",2001,155,222
"Merlot","","Lafite",2002,155,226
"Merlot","","Lafite",2003,153,229
"Merlot","","Lafite",2004,160,217
"Merlot","","Lafite",2005,156,219
"Merlot","","Lafite",2006,158,232
"Sauvignon","","Bellay",1982,162,240
"Sauvignon","","Bellay",1983,164,224
"Sauvignon","","Bellay",1984,179,246
"Sauvignon","","Bellay",1985,183,269
"Sauvignon","","Bellay",1986,178,252
"Sauvignon","","Bellay",1990,161,253
"Sauvignon","","Bellay",1996,168,241
"Sauvignon","","Bellay",1998,168,252
"Sauvignon","","Bellay",1999,163,220
"Sauvignon","","Bellay",2000,166,252
"Syrah","150Col1","Bergheim",1976,171,236
"Syrah","150Col1","Bergheim",1977,182,249
"Syrah","150Col1","Bergheim",1978,188,258
"Syrah","150Col1","Bergheim",1979,179,249
"Syrah","150Col1","Bergheim",1980,194,262
"Syrah","150Col1","Bergheim",1981,174,242
"Syrah","150Col1","Bergheim",1982,174,239
"Syrah","150Col1","Bergheim",1983,181,244
"Syrah","150Col1","Bergheim",1984,193,256
"Syrah","150Col1","Bergheim",1985,186,251
"Syrah","150Col1","Bergheim",1986,178,243
"Syrah","150Col1","Bergheim",1987,187,253
"Syrah","150Col1","Bergheim",1988,174,239
"Syrah","150Col1","Bergheim",1989,170,231
"Syrah","150Col1","Bergheim",1990,172,240
"Syrah","","Bellay",1982,164,226
"Syrah","","Bellay",1983,165,228
"Syrah","","Bellay",1984,180,243
"Syrah","","Bellay",1985,186,254
"Syrah","","Bellay",1986,180,243
"Syrah","","Bellay",1990,161,228
"Syrah","","Bellay",1996,171,235
"Syrah","","Bellay",1997,159,225
"Syrah","","Bellay",1998,166,232
"Syrah","","Bellay",1999,167,231
"Syrah","","Bellay",2000,167,232
"Ugni blanc","74Col2","Bergheim",1976,174,250
"Ugni blanc","74Col2","Bergheim",1978,196,279
"Ugni blanc","74Col2","Bergheim",1979,185,270
"Ugni blanc","74Col2","Bergheim",1981,183,278
"Ugni blanc","74Col2","Bergheim",1982,179,255
"Ugni blanc","74Col2","Bergheim",1983,187,265
"Ugni blanc","74Col2","Bergheim",1984,197,329
"Ugni blanc","74Col2","Bergheim",1986,183,302
"Ugni blanc","74Col2","Bergheim",1987,195,300
"Ugni blanc","74Col2","Bergheim",1988,182,257
"Ugni blanc","74Col2","Bergheim",1989,173,261
"Ugni blanc","74Col2","Bergheim",1990,179,273
"Ugni blanc","","Bellay",1982,170,256
"Ugni blanc","","Bellay",1983,168,229
"Ugni blanc","","Bellay",1984,183,271
"Ugni blanc","","Bellay",1985,186,268
"Ugni blanc","","Bellay",1986,183,268
"Ugni blanc","","Bellay",1990,164,239
"Ugni blanc","","Bellay",1996,172,259
"Ugni blanc","","Bellay",1998,172,244
"Ugni blanc","","Bellay",1999,170,237
"Ugni blanc","","Bellay",2000,170,238
"Cabernet-Sauvignon","","Bergheim",1966,164,282
"Cabernet-Sauvignon","","Bergheim",1967,176,286
"Cabernet-Sauvignon","","Bergheim",1976,168,270
"Cabernet-Sauvignon","","Bergheim",1982,170,259
"Cabernet-Sauvignon","","Bergheim",1983,180,275
"Cabernet-Sauvignon","","Bergheim",1988,174,293
"Cabernet-Sauvignon","","Bergheim",1989,167,257
"Cabernet-Sauvignon","","Bergheim",1990,169,264
"Chardonnay","","Bergheim",1966,161,257
"Chardonnay","","Bergheim",1967,174,250
"Chardonnay","","Bergheim",1968,177,250
"Chardonnay","","Bergheim",1969,178,254
"Chardonnay","","Bergheim",1970,176,265
"Chardonnay","","Bergheim",1971,163,245
"Chasselas","","Bergheim",1965,183,241
"Chasselas","","Bergheim",1966,165,213
"Chasselas","","Bergheim",1967,177,237
"Chasselas","","Bergheim",1968,180,243
"Chasselas","","Bergheim",1969,183,229
"Chasselas","","Bergheim",1970,182,249
"Chasselas","","Bergheim",1971,169,223
"Chasselas","","Bergheim",1976,169,221
"Chasselas","","Bergheim",1977,183,248
"Chasselas","","Bergheim",1978,188,254
"Chasselas","","Bergheim",1979,179,242
"Chasselas","","Bergheim",1980,197,267
"Chasselas","","Bergheim",1981,172,233
"Chasselas","","Bergheim",1982,172,230
"Chasselas","","Bergheim",1983,179,236
"Chasselas","","Bergheim",1987,184,242
"Chasselas","","Bergheim",1991,183,250
"Chasselas","","Bergheim",1992,168,218
"Chasselas","","Bergheim",1993,159,214
"Chasselas","","Bergheim",1994,170,228
"Chasselas","","Bergheim",1995,179,233
"Chasselas","","Bergheim",1996,175,238
"Chasselas","","Bergheim",1998,161,221
"Chasselas","","Bergheim",1999,167,233
"Chasselas","","Bergheim",2000,160,222
"Chasselas","","Bergheim",2001,174,218
"Chasselas","","Bergheim",2004,172,226
"Chasselas","","Bergheim",2005,169,229
"Chasselas","","Bergheim",2006,169,226
"Chasselas","","Bergheim",2007,145,208
"Chasselas","","Bergheim",2008,169,235
"Grenache","","Bergheim",1965,190,277
"Grenache","","Bergheim",1966,169,270
"Grenache","","Bergheim",1967,174,260
"Grenache","","Bergheim",1968,182,266
"Grenache","","Bergheim",1969,184,256
"Grenache","","Bergheim",1970,187,265
"Grenache","","Bergheim",1985,181,258
"Merlot","","Bergheim",1965,183,245
"Merlot","","Bergheim",1966,161,230
"Merlot","","Bergheim",1967,174,240
"Merlot","","Bergheim",1968,179,247
"Merlot","","Bergheim",1969,181,244
"Merlot","","Bergheim",1970,178,251
"Merlot","","Bergheim",1971,163,226
"Pinot noir","","Bergheim",1965,178,252
"Pinot noir","","Bergheim",1966,163,229
"Pinot noir","","Bergheim",1967,174,228
"Pinot noir","","Bergheim",1968,175,251
"Pinot noir","","Bergheim",1969,178,243
"Pinot noir","","Bergheim",1970,176,247
"Pinot noir","","Bergheim",1971,164,227
"Pinot noir","","Bergheim",1975,173,227
"Pinot noir","","Bergheim",1976,163,220
"Pinot noir","","Bergheim",1977,177,246
"Pinot noir","","Bergheim",1978,182,248
"Pinot noir","","Bergheim",1979,175,238
"Pinot noir","","Bergheim",1980,189,259
"Pinot noir","","Bergheim",1981,169,232
"Pinot noir","","Bergheim",1982,166,229
"Pinot noir","","Bergheim",1983,175,235
"Pinot noir","","Bergheim",1984,187,250
"Pinot noir","","Bergheim",1985,179,254
"Pinot noir","","Bergheim",1986,173,231
"Pinot noir","","Bergheim",1987,182,246
"Pinot noir","","Bergheim",1988,172,235
"Pinot noir","","Bergheim",1989,165,227
"Pinot noir","","Bergheim",1990,168,229
"Pinot noir","","Bergheim",1991,180,240
"Pinot noir","","Bergheim",1992,166,228
"Pinot noir","","Bergheim",1993,156,215
"Pinot noir","","Bergheim",1994,169,229
"Pinot noir","","Bergheim",1995,176,234
"Pinot noir","","Bergheim",1996,171,220
"Pinot noir","","Bergheim",1998,160,228
"Pinot noir","","Bergheim",1999,164,222
"Pinot noir","","Bergheim",2000,156,229
"Pinot noir","","Bergheim",2001,171,238
"Pinot noir","","Bergheim",2003,154,208
"Pinot noir","","Bergheim",2004,170,219
"Pinot noir","","Bergheim",2005,166,224
"Pinot noir","","Bergheim",2006,168,231
"Pinot noir","","Bergheim",2007,144,225
"Pinot noir","","Bergheim",2008,163,224
"Sauvignon","","Bergheim",1965,183,280
"Sauvignon","","Bergheim",1966,166,255
"Sauvignon","","Bergheim",1967,174,257
"Sauvignon","","Bergheim",1968,180,279
"Sauvignon","","Bergheim",1969,182,264
"Sauvignon","","Bergheim",1970,182,257
"Sauvignon","","Bergheim",1971,174,265
"Syrah","","Bergheim",1965,183,257
"Syrah","","Bergheim",1966,164,232
"Syrah","","Bergheim",1967,175,239
"Syrah","","Bergheim",1968,180,248
"Syrah","","Bergheim",1969,182,247
"Syrah","","Bergheim",1970,184,250
"Syrah","","Bergheim",1971,174,240
"Ugni blanc","","Bergheim",1966,168,264
"Ugni blanc","","Bergheim",1967,178,293
"Ugni blanc","","Bergheim",1968,180,291
"Ugni blanc","","Bergheim",1969,183,260
"Ugni blanc","","Bergheim",1970,185,280
"Ugni blanc","","Bergheim",1971,180,239
"Cabernet-Sauvignon","322Mtp11","Vassal",1993,152,228
"Cabernet-Sauvignon","322Mtp11","Vassal",1994,144,212
"Cabernet-Sauvignon","322Mtp11","Vassal",1995,148,222
"Cabernet-Sauvignon","322Mtp11","Vassal",1996,150,223
"Cabernet-Sauvignon","322Mtp11","Vassal",1997,139,220
"Cabernet-Sauvignon","322Mtp11","Vassal",1998,147,231
"Cabernet-Sauvignon","322Mtp11","Vassal",1999,148,230
"Cabernet-Sauvignon","322Mtp11","Vassal",2000,150,224
"Cabernet-Sauvignon","322Mtp11","Vassal",2001,147,223
"Cabernet-Sauvignon","322Mtp11","Vassal",2002,147,221
"Cabernet-Sauvignon","322Mtp11","Vassal",2003,150,222
"Cabernet-Sauvignon","322Mtp11","Vassal",2004,154,221
"Cabernet-Sauvignon","322Mtp11","Vassal",2005,156,227
"Cabernet-Sauvignon","322Mtp11","Vassal",2006,147,223
"Cabernet-Sauvignon","322Mtp11","Vassal",2007,141,216
"Cabernet-Sauvignon","322Mtp11","Vassal",2008,148,220
"Cabernet-Sauvignon","322Mtp11","Vassal",2009,146,213
"Cabernet-Sauvignon","322Mtp11","Vassal",2018,148,218
"Cabernet-Sauvignon","322Mtp11","Vassal",2019,153,226
"Cabernet-Sauvignon","322Mtp12","Vassal",1993,152,226
"Cabernet-Sauvignon","322Mtp12","Vassal",1994,144,214
"Cabernet-Sauvignon","322Mtp12","Vassal",1995,148,219
"Cabernet-Sauvignon","322Mtp12","Vassal",1996,153,228
"Cabernet-Sauvignon","322Mtp12","Vassal",1997,137,221
"Cabernet-Sauvignon","322Mtp12","Vassal",1998,147,210
"Cabernet-Sauvignon","322Mtp12","Vassal",1999,148,219
"Cabernet-Sauvignon","322Mtp12","Vassal",2000,150,231
"Cabernet-Sauvignon","322Mtp12","Vassal",2001,147,218
"Cabernet-Sauvignon","322Mtp12","Vassal",2002,147,224
"Cabernet-Sauvignon","322Mtp12","Vassal",2003,150,224
"Cabernet-Sauvignon","322Mtp12","Vassal",2004,156,224
"Cabernet-Sauvignon","322Mtp12","Vassal",2005,156,227
"Cabernet-Sauvignon","322Mtp12","Vassal",2006,147,216
"Cabernet-Sauvignon","322Mtp12","Vassal",2007,144,212
"Cabernet-Sauvignon","322Mtp12","Vassal",2008,148,219
"Cabernet-Sauvignon","322Mtp12","Vassal",2009,146,216
"Cabernet-Sauvignon","322Mtp12","Vassal",2010,151,217
"Cabernet-Sauvignon","322Mtp12","Vassal",2011,136,208
"Cabernet-Sauvignon","322Mtp12","Vassal",2012,152,221
"Cabernet-Sauvignon","322Mtp12","Vassal",2013,154,224
"Cabernet-Sauvignon","322Mtp12","Vassal",2017,139,208
"Cabernet-Sauvignon","322Mtp12","Vassal",2018,142,225
"Cabernet-Sauvignon","322Mtp14","Vassal",1995,148,225
"Cabernet-Sauvignon","322Mtp14","Vassal",1998,147,221
"Cabernet-Sauvignon","322Mtp14","Vassal",1999,148,216
"Cabernet-Sauvignon","322Mtp14","Vassal",2000,150,223
"Cabernet-Sauvignon","322Mtp14","Vassal",2011,134,209
"Cabernet-Sauvignon","322Mtp14","Vassal",2012,149,217
"Cabernet-Sauvignon","322Mtp14","Vassal",2013,153,223
"Cabernet-Sauvignon","322Mtp14","Vassal",2017,139,214
"Cabernet-Sauvignon","322Mtp14","Vassal",2018,145,219
"Cabernet-Sauvignon","322Mtp14","Vassal",2019,147,223
"Cabernet-Sauvignon","322Mtp20","Vassal",2002,147,216
"Cabernet-Sauvignon","322Mtp20","Vassal",2003,150,221
"Cabernet-Sauvignon","322Mtp20","Vassal",2004,154,223
"Cabernet-Sauvignon","322Mtp20","Vassal",2005,150,216
"Cabernet-Sauvignon","322Mtp20","Vassal",2006,146,217
"Cabernet-Sauvignon","322Mtp20","Vassal",2007,138,212
"Cabernet-Sauvignon","322Mtp20","Vassal",2008,149,221
"Cabernet-Sauvignon","322Mtp20","Vassal",2009,149,229
"Cabernet-Sauvignon","322Mtp20","Vassal",2010,148,216
"Cabernet-Sauvignon","322Mtp20","Vassal",2011,133,216
"Cabernet-Sauvignon","322Mtp20","Vassal",2012,149,218
"Cabernet-Sauvignon","322Mtp20","Vassal",2013,154,230
"Cabernet-Sauvignon","322Mtp20","Vassal",2014,139,212
"Cabernet-Sauvignon","322Mtp23","Vassal",1987,158,232
"Cabernet-Sauvignon","322Mtp23","Vassal",1988,151,229
"Cabernet-Sauvignon","322Mtp23","Vassal",1989,150,220
"Cabernet-Sauvignon","322Mtp23","Vassal",1990,143,221
"Cabernet-Sauvignon","322Mtp23","Vassal",1991,158,239
"Cabernet-Sauvignon","322Mtp23","Vassal",1992,144,226
"Cabernet-Sauvignon","322Mtp23","Vassal",2002,145,227
"Cabernet-Sauvignon","322Mtp23","Vassal",2003,150,222
"Cabernet-Sauvignon","322Mtp23","Vassal",2004,159,224
"Cabernet-Sauvignon","322Mtp23","Vassal",2005,154,214
"Cabernet-Sauvignon","322Mtp23","Vassal",2006,148,216
"Cabernet-Sauvignon","322Mtp23","Vassal",2007,141,210
"Cabernet-Sauvignon","322Mtp23","Vassal",2008,148,217
"Cabernet-Sauvignon","322Mtp23","Vassal",2009,146,211
"Cabernet-Sauvignon","322Mtp23","Vassal",2010,150,223
"Cabernet-Sauvignon","322Mtp23","Vassal",2011,139,209
"Cabernet-Sauvignon","322Mtp23","Vassal",2012,150,234
"Cabernet-Sauvignon","322Mtp23","Vassal",2013,154,228
"Cabernet-Sauvignon","322Mtp23","Vassal",2014,143,209
"Cabernet-Sauvignon","322Mtp24","Vassal",1987,157,242
"Cabernet-Sauvignon","322Mtp24","Vassal",1988,151,226
"Cabernet-Sauvignon","322Mtp24","Vassal",1989,147,225
"Cabernet-Sauvignon","322Mtp24","Vassal",1990,143,211
"Cabernet-Sauvignon","322Mtp24","Vassal",1991,158,222
"Cabernet-Sauvignon","322Mtp24","Vassal",1992,144,223
"Cabernet-Sauvignon","322Mtp25","Vassal",1987,155,228
"Cabernet-Sauvignon","322Mtp25","Vassal",1988,151,224
"Cabernet-Sauvignon","322Mtp25","Vassal",1989,144,215
"Cabernet-Sauvignon","322Mtp25","Vassal",1990,143,217
"Cabernet-Sauvignon","322Mtp25","Vassal",1991,158,238
"Cabernet-Sauvignon","322Mtp25","Vassal",1992,144,209
"Cabernet-Sauvignon","322Mtp25","Vassal",2018,145,209
"Cabernet-Sauvignon","322Mtp26","Vassal",1987,154,228
"Cabernet-Sauvignon","322Mtp26","Vassal",1988,150,231
"Cabernet-Sauvignon","322Mtp26","Vassal",1989,144,213
"Cabernet-Sauvignon","322Mtp26","Vassal",1990,143,225
"Cabernet-Sauvignon","322Mtp26","Vassal",1991,156,224
"Cabernet-Sauvignon","322Mtp26","Vassal",1992,144,232
"Cabernet-Sauvignon","322Mtp28","Vassal",2010,151,222
"Cabernet-Sauvignon","322Mtp28","Vassal",2011,139,216
"Cabernet-Sauvignon","322Mtp28","Vassal",2012,150,230
"Cabernet-Sauvignon","322Mtp28","Vassal",2013,156,229
"Cabernet-Sauvignon","322Mtp28","Vassal",2017,138,218
"Cabernet-Sauvignon","322Mtp30","Vassal",1992,142,216
"Cabernet-Sauvignon","322Mtp30","Vassal",1993,146,221
"Cabernet-Sauvignon","322Mtp30","Vassal",1994,146,221
"Cabernet-Sauvignon","322Mtp4","Vassal",1993,152,216
"Cabernet-Sauvignon","322Mtp4","Vassal",1994,144,223
"Cabernet-Sauvignon","322Mtp4","Vassal",1995,148,208
"Cabernet-Sauvignon","322Mtp4","Vassal",1996,150,229
"Cabernet-Sauvignon","322Mtp4","Vassal",1997,137,212
"Cabernet-Sauvignon","322Mtp4","Vassal",1998,153,227
"Cabernet-Sauvignon","322Mtp4","Vassal",1999,148,224
"Cabernet-Sauvignon","322Mtp4","Vassal",2000,154,224
"Cabernet-Sauvignon","322Mtp4","Vassal",2001,144,217
"Cabernet-Sauvignon","322Mtp4","Vassal",2002,147,218
"Cabernet-Sauvignon","322Mtp4","Vassal",2003,150,212
"Cabernet-Sauvignon","322Mtp4","Vassal",2004,156,226
"Cabernet-Sauvignon","322Mtp4","Vassal",2005,154,218
"Cabernet-Sauvignon","322Mtp4","Vassal",2006,147,225
"Cabernet-Sauvignon","322Mtp4","Vassal",2007,144,225
"Cabernet-Sauvignon","322Mtp4","Vassal",2008,150,223
"Cabernet-Sauvignon","322Mtp4","Vassal",2009,146,214
"Cabernet-Sauvignon","322Mtp4","Vassal",2010,154,228
"Cabernet-Sauvignon","322Mtp4","Vassal",2011,136,211
"Cabernet-Sauvignon","322Mtp4","Vassal",2012,152,226
"Cabernet-Sauvignon","322Mtp4","Vassal",2013,154,235
"Cabernet-Sauvignon","322Mtp4","Vassal",2014,144,216
"Cabernet-Sauvignon","322Mtp4","Vassal",2017,139,213
"Cabernet-Sauvignon","322Mtp4","Vassal",2018,145,216
"Cabernet-Sauvignon","322Mtp4","Vassal",2019,147,215
"Chardonnay","199Mtp1","Vassal",1987,150,218
"Chardonnay","199Mtp1","Vassal",2000,150,218
"Chardonnay","199Mtp1","Vassal",2017,132,205
"Chardonnay","199Mtp1","Vassal",2018,140,202
"Chardonnay","199Mtp1","Vassal",2019,142,219
"Chardonnay","199Mtp12","Vassal",1987,154,223
"Chardonnay","199Mtp12","Vassal",1995,144,219
"Chardonnay","199Mtp12","Vassal",1996,147,209
"Chardonnay","199Mtp12","Vassal",1998,142,206
"Chardonnay","199Mtp12","Vassal",1999,145,212
"Chardonnay","199Mtp12","Vassal",2000,154,216
"Chardonnay","199Mtp12","Vassal",2001,144,217
"Chardonnay","199Mtp12","Vassal",2002,147,218
"Chardonnay","199Mtp12","Vassal",2003,146,213
"Chardonnay","199Mtp12","Vassal",2004,154,225
"Chardonnay","199Mtp12","Vassal",2005,150,220
"Chardonnay","199Mtp12","Vassal",2006,143,209
"Chardonnay","199Mtp12","Vassal",2007,141,208
"Chardonnay","199Mtp12","Vassal",2008,143,207
"Chardonnay","199Mtp12","Vassal",2009,142,204
"Chardonnay","199Mtp12","Vassal",2010,151,222
"Chardonnay","199Mtp12","Vassal",2011,134,205
"Chardonnay","199Mtp12","Vassal",2012,146,201
"Chardonnay","199Mtp12","Vassal",2013,154,226
"Chardonnay","199Mtp12","Vassal",2014,135,204
"Chardonnay","199Mtp12","Vassal",2017,132,202
"Chardonnay","199Mtp12","Vassal",2018,141,217
"Chardonnay","199Mtp12","Vassal",2019,142,213
"Chardonnay","199Mtp14","Vassal",1987,155,218
"Chardonnay","199Mtp14","Vassal",2002,143,213
"Chardonnay","199Mtp14","Vassal",2003,143,209
"Chardonnay","199Mtp14","Vassal",2004,154,220
"Chardonnay","199Mtp14","Vassal",2005,150,217
"Chardonnay","199Mtp14","Vassal",2006,143,220
"Chardonnay","199Mtp14","Vassal",2007,140,213
"Chardonnay","199Mtp14","Vassal",2008,143,208
"Chardonnay","199Mtp14","Vassal",2009,142,214
"Chardonnay","199Mtp14","Vassal",2010,148,214
"Chardonnay","199Mtp14","Vassal",2011,132,199
"Chardonnay","199Mtp14","Vassal",2012,146,210
"Chardonnay","199Mtp14","Vassal",2013,150,216
"Chardonnay","199Mtp14","Vassal",2014,135,206
"Chardonnay","199Mtp21","Vassal",1998,142,211
"Chardonnay","199Mtp21","Vassal",1999,148,215
"Chardonnay","199Mtp21","Vassal",2017,136,204
"Chardonnay","199Mtp21","Vassal",2018,141,202
"Chardonnay","199Mtp21","Vassal",2019,145,216
"Chardonnay","199Mtp29","Vassal",2002,143,212
"Chardonnay","199Mtp29","Vassal",2003,150,225
"Chardonnay","199Mtp29","Vassal",2004,156,211
"Chardonnay","199Mtp29","Vassal",2005,150,221
"Chardonnay","199Mtp29","Vassal",2006,144,217
"Chardonnay","199Mtp29","Vassal",2007,136,204
"Chardonnay","199Mtp29","Vassal",2008,142,214
"Chardonnay","199Mtp29","Vassal",2009,142,207
"Chardonnay","199Mtp29","Vassal",2010,147,212
"Chardonnay","199Mtp29","Vassal",2011,131,195
"Chardonnay","199Mtp29","Vassal",2012,146,207
"Chardonnay","199Mtp29","Vassal",2013,154,221
"Chardonnay","199Mtp29","Vassal",2014,135,202
"Chardonnay","199Mtp29","Vassal",2017,135,200
"Chardonnay","199Mtp29","Vassal",2018,143,213
"Chardonnay","199Mtp29","Vassal",2019,145,215
"Chardonnay","199Mtp31","Vassal",2001,144,210
"Chardonnay","199Mtp31","Vassal",2002,147,212
"Chardonnay","199Mtp31","Vassal",2003,146,221
"Chardonnay","199Mtp31","Vassal",2005,151,220
"Chardonnay","199Mtp31","Vassal",2006,145,219
"Chardonnay","199Mtp31","Vassal",2008,143,219
"Chardonnay","199Mtp31","Vassal",2010,147,217
"Chardonnay","199Mtp31","Vassal",2011,129,196
"Chardonnay","199Mtp31","Vassal",2012,147,212
"Chardonnay","199Mtp31","Vassal",2013,154,225
"Chardonnay","199Mtp31","Vassal",2014,135,208
"Chardonnay","199Mtp34","Vassal",2000,138,213
"Chardonnay","199Mtp39","Vassal",2002,147,218
"Chardonnay","199Mtp39","Vassal",2003,143,213
"Chardonnay","199Mtp39","Vassal",2004,154,224
"Chardonnay","199Mtp39","Vassal",2005,150,218
"Chardonnay","199Mtp39","Vassal",2006,142,210
"Chardonnay","199Mtp39","Vassal",2007,134,196
"Chardonnay","199Mtp39","Vassal",2008,140,213
"Chardonnay","199Mtp39","Vassal",2009,139,200
"Chardonnay","199Mtp39","Vassal",2010,147,218
"Chardonnay","199Mtp39","Vassal",2011,132,213
"Chardonnay","199Mtp39","Vassal",2012,144,211
"Chardonnay","199Mtp39","Vassal",2013,147,219
"Chardonnay","199Mtp39","Vassal",2014,135,205
"Chardonnay","199Mtp39","Vassal",2017,132,207
"Chardonnay","199Mtp39","Vassal",2018,142,226
"Chardonnay","199Mtp4","Vassal",1987,152,223
"Chardonnay","199Mtp4","Vassal",1995,143,211
"Chardonnay","199Mtp4","Vassal",1996,147,213
"Chardonnay","199Mtp4","Vassal",1997,132,201
"Chardonnay","199Mtp4","Vassal",2000,140,210
"Chasselas","0Mtp1886","Vassal",2017,136,193
"Chasselas","0Mtp1886","Vassal",2018,144,208
"Chasselas","0Mtp1886","Vassal",2019,146,205
"Chasselas","585E105","Vassal",2021,153,209
"Chasselas","585E111","Vassal",2021,152,218
"Chasselas","585Mtp11","Vassal",1990,144,218
"Chasselas","585Mtp13","Vassal",1990,142,199
"Chasselas","585Mtp13","Vassal",1991,150,204
"Chasselas","585Mtp13","Vassal",1992,143,197
"Chasselas","585Mtp13","Vassal",1994,142,193
"Chasselas","585Mtp13","Vassal",2010,154,209
"Chasselas","585Mtp13","Vassal",2011,136,188
"Chasselas","585Mtp13","Vassal",2012,151,208
"Chasselas","585Mtp28","Vassal",1987,156,209
"Chasselas","585Mtp28","Vassal",1990,142,194
"Chasselas","585Mtp40","Vassal",2008,148,208
"Chasselas","585Mtp40","Vassal",2009,146,208
"Chasselas","585Mtp40","Vassal",2010,154,205
"Chasselas","585Mtp40","Vassal",2011,135,188
"Chasselas","585Mtp40","Vassal",2012,152,203
"Chasselas","585Mtp40","Vassal",2013,158,213
"Chasselas","585Mtp40","Vassal",2014,143,199
"Chasselas","585Mtp42","Vassal",2010,154,215
"Chasselas","585Mtp42","Vassal",2011,135,192
"Chasselas","585Mtp42","Vassal",2012,150,202
"Chasselas","585Mtp42","Vassal",2013,157,209
"Chasselas","585Mtp44","Vassal",2010,154,214
"Chasselas","585Mtp44","Vassal",2011,136,186
"Chasselas","585Mtp44","Vassal",2012,150,213
"Chasselas","585Mtp44","Vassal",2013,157,214
"Chasselas","585Mtp44","Vassal",2017,138,200
"Chasselas","585Mtp44","Vassal",2018,146,216
"Chasselas","585Mtp44","Vassal",2019,146,215
"Chasselas","585Mtp45","Vassal",1989,146,197
"Chasselas","585Mtp45","Vassal",1990,140,196
"Chasselas","585Mtp45","Vassal",1991,152,197
"Chasselas","585Mtp45","Vassal",1992,143,199
"Chasselas","585Mtp45","Vassal",1993,151,207
"Chasselas","585Mtp46","Vassal",1989,146,200
"Chasselas","585Mtp46","Vassal",1990,140,194
"Chasselas","585Mtp46","Vassal",1991,152,214
"Chasselas","585Mtp46","Vassal",1992,143,208
"Chasselas","585Mtp46","Vassal",1997,137,195
"Chasselas","585Mtp46","Vassal",1999,143,201
"Chasselas","585Mtp46","Vassal",2000,150,206
"Chasselas","585Mtp58","Vassal",1987,155,213
"Chasselas","585Mtp58","Vassal",1988,152,206
"Chasselas","585Mtp59","Vassal",1988,153,214
"Chasselas","585Mtp6","Vassal",1990,142,200
"Chasselas","585Mtp6","Vassal",1991,151,213
"Chasselas","585Mtp6","Vassal",1992,143,207
"Chasselas","585Mtp6","Vassal",1993,148,202
"Chasselas","585Mtp6","Vassal",1994,142,192
"Chasselas","585Mtp6","Vassal",1995,146,199
"Chasselas","585Mtp6","Vassal",1996,151,204
"Chasselas","585Mtp6","Vassal",1997,135,190
"Chasselas","585Mtp6","Vassal",1998,142,187
"Chasselas","585Mtp6","Vassal",1999,144,192
"Chasselas","585Mtp6","Vassal",2000,150,206
"Chasselas","585Mtp62","Vassal",1987,160,212
"Chasselas","585Mtp62","Vassal",1988,153,190
"Chasselas","585Mtp62","Vassal",1995,147,212
"Chasselas","585Mtp62","Vassal",1997,141,199
"Chasselas","585Mtp62","Vassal",2001,144,208
"Chasselas","585Mtp62","Vassal",2002,143,209
"Chasselas","585Mtp62","Vassal",2003,146,209
"Chasselas","585Mtp62","Vassal",2004,156,219
"Chasselas","585Mtp62","Vassal",2005,150,194
"Chasselas","585Mtp62","Vassal",2006,146,209
"Chasselas","585Mtp62","Vassal",2008,145,194
"Chasselas","585Mtp62","Vassal",2010,151,215
"Chasselas","585Mtp62","Vassal",2012,150,211
"Chasselas","585Mtp62","Vassal",2014,143,201
"Chasselas","585Mtp62","Vassal",2017,138,191
"Chasselas","585Mtp62","Vassal",2018,145,195
"Chasselas","585Mtp62","Vassal",2019,146,212
"Chasselas","585Mtp65","Vassal",1987,156,214
"Chasselas","585Mtp65","Vassal",1988,151,212
"Chasselas","585Mtp66","Vassal",1987,156,203
"Chasselas","585Mtp66","Vassal",1988,152,197
"Chasselas","585Mtp67","Vassal",1987,160,219
"Chasselas","585Mtp67","Vassal",1988,151,213
"Chasselas","585Mtp67","Vassal",1997,137,185
"Chasselas","585Mtp67","Vassal",1999,144,198
"Chasselas","585Mtp67","Vassal",2000,150,216
"Chasselas","585Mtp67","Vassal",2010,154,215
"Chasselas","585Mtp67","Vassal",2011,134,189
"Chasselas","585Mtp67","Vassal",2012,150,212
"Chasselas","585Mtp68","Vassal",1987,161,221
"Chasselas","585Mtp68","Vassal",1988,151,206
"Chasselas","585Mtp7","Vassal",1987,157,220
"Chasselas","585Mtp7","Vassal",1988,151,201
"Chasselas","585Mtp7","Vassal",1989,149,196
"Chasselas","585Mtp7","Vassal",1990,143,191
"Chasselas","585Mtp7","Vassal",1991,151,191
"Chasselas","585Mtp7","Vassal",1992,143,206
"Chasselas","585Mtp7","Vassal",1993,151,203
"Chasselas","585Mtp7","Vassal",1994,146,203
"Chasselas","585Mtp7","Vassal",1995,146,208
"Chasselas","585Mtp7","Vassal",1996,152,215
"Chasselas","585Mtp7","Vassal",1997,134,181
"Chasselas","585Mtp7","Vassal",1998,142,180
"Chasselas","585Mtp7","Vassal",1999,144,197
"Chasselas","585Mtp7","Vassal",2000,150,201
"Chasselas","585Mtp70","Vassal",1987,158,207
"Chasselas","585Mtp70","Vassal",1988,151,197
"Chasselas","585Mtp70","Vassal",1995,86,157
"Chasselas","585Mtp70","Vassal",1997,134,195
"Chasselas","585Mtp70","Vassal",1998,147,205
"Chasselas","585Mtp70","Vassal",1999,144,199
"Chasselas","585Mtp70","Vassal",2000,151,210
"Chasselas","585Mtp70","Vassal",2001,144,207
"Chasselas","585Mtp70","Vassal",2002,151,208
"Chasselas","585Mtp70","Vassal",2003,150,215
"Chasselas","585Mtp70","Vassal",2004,156,207
"Chasselas","585Mtp70","Vassal",2005,154,210
"Chasselas","585Mtp70","Vassal",2006,147,198
"Chasselas","585Mtp70","Vassal",2007,139,198
"Chasselas","585Mtp72","Vassal",1987,158,220
"Chasselas","585Mtp72","Vassal",1988,153,207
"Chasselas","585Mtp75","Vassal",1988,152,210
"Chasselas","585Mtp8","Vassal",1988,153,201
"Chasselas","585Mtp8","Vassal",1989,152,219
"Chasselas","585Mtp8","Vassal",2002,143,193
"Chasselas","585Mtp8","Vassal",2003,145,200
"Chasselas","585Mtp8","Vassal",2004,156,208
"Chasselas","585Mtp8","Vassal",2005,150,211
"Chasselas","585Mtp8","Vassal",2006,147,209
"Chasselas","585Mtp8","Vassal",2007,138,187
"Chasselas","585Mtp8","Vassal",2008,146,202
"Chasselas","585Mtp8","Vassal",2010,151,211
"Chasselas","585Mtp8","Vassal",2012,150,200
"Chasselas","585Mtp8","Vassal",2013,157,213
"Chasselas","585Mtp8","Vassal",2014,143,193
"Chasselas","585Mtp8","Vassal",2017,137,195
"Chasselas","585Mtp8","Vassal",2018,144,206
"Chasselas","585Mtp8","Vassal",2019,145,212
"Chasselas","585Mtp80","Vassal",1988,153,213
"Chasselas","585Mtp80","Vassal",1990,140,195
"Chasselas","585Mtp80","Vassal",1992,143,203
"Chasselas","585Mtp80","Vassal",1993,152,198
"Chasselas","585Mtp80","Vassal",1994,142,194
"Chasselas","585Mtp80","Vassal",1995,149,207
"Chasselas","585Mtp81","Vassal",1988,153,220
"Chasselas","585Mtp81","Vassal",1989,146,200
"Chasselas","585Mtp81","Vassal",1990,140,195
"Chasselas","585Mtp81","Vassal",1991,151,206
"Chasselas","585Mtp81","Vassal",1992,143,198
"Chasselas","585Mtp81","Vassal",1993,151,214
"Chasselas","585Mtp81","Vassal",1994,142,194
"Chasselas","585Mtp81","Vassal",1995,149,195
"Chasselas","585Mtp82","Vassal",1989,146,213
"Chasselas","585Mtp87","Vassal",1992,144,206
"Chasselas","585Mtp87","Vassal",1995,147,214
"Chasselas","585Mtp87","Vassal",1997,134,186
"Chasselas","585Mtp9","Vassal",1987,156,208
"Chasselas","585Mtp90","Vassal",2002,143,196
"Chasselas","585Mtp90","Vassal",2003,150,205
"Chasselas","585Mtp90","Vassal",2004,154,212
"Chasselas","585Mtp90","Vassal",2005,151,205
"Chasselas","585Mtp90","Vassal",2006,146,201
"Chasselas","585Mtp90","Vassal",2007,138,190
"Chasselas","585Mtp90","Vassal",2008,144,192
"Chasselas","585Mtp90","Vassal",2009,148,202
"Chasselas","585Mtp90","Vassal",2010,147,206
"Chasselas","585Mtp90","Vassal",2012,147,207
"Chasselas","585Mtp90","Vassal",2013,154,211
"Chasselas","585Mtp90","Vassal",2014,139,197
"Chasselas","585Mtp91","Vassal",2002,147,209
"Chasselas","585Mtp91","Vassal",2003,146,204
"Chasselas","585Mtp91","Vassal",2004,154,214
"Chasselas","585Mtp91","Vassal",2005,151,207
"Chasselas","585Mtp91","Vassal",2006,145,214
"Chasselas","585Mtp91","Vassal",2008,144,200
"Chasselas","585Mtp91","Vassal",2009,153,201
"Chasselas","585Mtp91","Vassal",2011,130,185
"Chasselas","585Mtp91","Vassal",2012,147,202
"Chasselas","585Mtp91","Vassal",2013,154,208
"Chasselas","585Mtp91","Vassal",2014,135,195
"Chasselas","585Mtp91","Vassal",2017,134,188
"Chasselas","585Mtp91","Vassal",2018,143,207
"Chasselas","585Mtp91","Vassal",2019,143,210
"Grenache","34Mtp10","Vassal",1987,159,237
"Grenache","34Mtp10","Vassal",1988,155,227
"Grenache","34Mtp10","Vassal",1989,149,229
"Grenache","34Mtp10","Vassal",1990,143,214
"Grenache","34Mtp10","Vassal",1991,157,229
"Grenache","34Mtp10","Vassal",1992,147,206
"Grenache","34Mtp10","Vassal",1993,148,216
"Grenache","34Mtp10","Vassal",1994,146,216
"Grenache","34Mtp10","Vassal",1995,153,231
"Grenache","34Mtp10","Vassal",1996,150,221
"Grenache","34Mtp10","Vassal",1997,132,211
"Grenache","34Mtp10","Vassal",1998,147,215
"Grenache","34Mtp10","Vassal",1999,148,218
"Grenache","34Mtp10","Vassal",2000,154,223
"Grenache","34Mtp10","Vassal",2001,147,204
"Grenache","34Mtp10","Vassal",2002,143,219
"Grenache","34Mtp10","Vassal",2003,154,228
"Grenache","34Mtp10","Vassal",2004,156,229
"Grenache","34Mtp10","Vassal",2005,154,229
"Grenache","34Mtp10","Vassal",2006,148,224
"Grenache","34Mtp10","Vassal",2007,138,205
"Grenache","34Mtp13","Vassal",1987,158,226
"Grenache","34Mtp21","Vassal",1988,151,229
"Grenache","34Mtp23","Vassal",1994,145,199
"Grenache","34Mtp23","Vassal",1995,147,235
"Grenache","34Mtp23","Vassal",2002,147,224
"Grenache","34Mtp23","Vassal",2003,150,228
"Grenache","34Mtp23","Vassal",2004,154,243
"Grenache","34Mtp23","Vassal",2005,152,241
"Grenache","34Mtp23","Vassal",2006,146,222
"Grenache","34Mtp23","Vassal",2007,140,208
"Grenache","34Mtp23","Vassal",2008,143,218
"Grenache","34Mtp23","Vassal",2009,146,221
"Grenache","34Mtp23","Vassal",2017,140,237
"Grenache","34Mtp23","Vassal",2018,147,213
"Grenache","34Mtp23","Vassal",2019,153,232
"Grenache","34Mtp24","Vassal",1994,145,202
"Grenache","34Mtp24","Vassal",1995,150,203
"Grenache","34Mtp24","Vassal",2017,140,203
"Grenache","34Mtp24","Vassal",2018,149,218
"Grenache","34Mtp24","Vassal",2019,152,237
"Grenache","34Mtp26","Vassal",1989,148,227
"Grenache","34Mtp26","Vassal",1990,143,225
"Grenache","34Mtp26","Vassal",1991,159,229
"Grenache","34Mtp26","Vassal",2001,144,211
"Grenache","34Mtp26","Vassal",2002,147,209
"Grenache","34Mtp26","Vassal",2003,150,217
"Grenache","34Mtp26","Vassal",2004,156,208
"Grenache","34Mtp26","Vassal",2005,152,222
"Grenache","34Mtp26","Vassal",2006,147,226
"Grenache","34Mtp26","Vassal",2007,140,203
"Grenache","34Mtp26","Vassal",2008,143,211
"Grenache","34Mtp26","Vassal",2009,146,208
"Grenache","34Mtp26","Vassal",2010,147,208
"Grenache","34Mtp26","Vassal",2011,135,206
"Grenache","34Mtp26","Vassal",2012,148,221
"Grenache","34Mtp26","Vassal",2013,154,235
"Grenache","34Mtp26","Vassal",2014,140,206
"Grenache","34Mtp26","Vassal",2017,133,223
"Grenache","34Mtp26","Vassal",2018,145,222
"Grenache","34Mtp26","Vassal",2019,145,219
"Grenache","34Mtp3","Vassal",1987,160,256
"Grenache","34Mtp3","Vassal",1988,153,214
"Grenache","34Mtp3","Vassal",1989,146,236
"Grenache","34Mtp3","Vassal",1990,143,203
"Grenache","34Mtp3","Vassal",1991,154,227
"Grenache","34Mtp3","Vassal",1992,147,230
"Grenache","34Mtp3","Vassal",1993,148,223
"Grenache","34Mtp3","Vassal",1994,146,220
"Grenache","34Mtp3","Vassal",1995,153,215
"Grenache","34Mtp3","Vassal",1996,150,227
"Grenache","34Mtp3","Vassal",1997,137,204
"Grenache","34Mtp3","Vassal",1998,142,207
"Grenache","34Mtp3","Vassal",1999,148,218
"Grenache","34Mtp3","Vassal",2000,150,241
"Grenache","34Mtp3","Vassal",2001,147,206
"Grenache","34Mtp3","Vassal",2003,150,226
"Grenache","34Mtp3","Vassal",2004,156,231
"Grenache","34Mtp3","Vassal",2005,153,230
"Grenache","34Mtp3","Vassal",2006,146,232
"Grenache","34Mtp3","Vassal",2007,140,210
"Grenache","34Mtp3","Vassal",2008,149,208
"Grenache","34Mtp3","Vassal",2009,146,213
"Grenache","34Mtp3","Vassal",2010,151,228
"Grenache","34Mtp3","Vassal",2011,137,232
"Grenache","34Mtp3","Vassal",2012,150,242
"Grenache","34Mtp3","Vassal",2013,156,232
"Grenache","34Mtp3","Vassal",2014,139,219
"Grenache","34Mtp3","Vassal",2017,136,222
"Grenache","34Mtp3","Vassal",2018,147,217
"Grenache","34Mtp3","Vassal",2019,149,226
"Grenache","34Mtp4","Vassal",1987,158,228
"Grenache","34Mtp4","Vassal",1988,153,236
"Grenache","34Mtp4","Vassal",1989,146,222
"Grenache","34Mtp4","Vassal",1990,143,205
"Grenache","34Mtp4","Vassal",1991,154,230
"Grenache","34Mtp4","Vassal",1992,147,243
"Grenache","34Mtp4","Vassal",1993,148,224
"Grenache","34Mtp4","Vassal",1994,146,219
"Grenache","34Mtp4","Vassal",1995,149,233
"Grenache","34Mtp4","Vassal",1999,145,206
"Grenache","34Mtp4","Vassal",2000,150,225
"Grenache","34Mtp6","Vassal",1987,158,238
"Grenache","34Mtp6","Vassal",1988,153,215
"Grenache","34Mtp6","Vassal",1989,149,231
"Grenache","34Mtp6","Vassal",1990,143,212
"Grenache","34Mtp6","Vassal",1991,154,234
"Grenache","34Mtp6","Vassal",1992,147,191
"Grenache","34Mtp6","Vassal",1994,146,245
"Grenache","34Mtp6","Vassal",1995,153,208
"Grenache","34Mtp6","Vassal",1996,150,222
"Grenache","34Mtp6","Vassal",1997,137,202
"Grenache","34Mtp6","Vassal",1998,147,223
"Grenache","34Mtp6","Vassal",1999,147,222
"Grenache","34Mtp6","Vassal",2000,150,224
"Grenache","34Mtp6","Vassal",2001,144,198
"Grenache","34Mtp6","Vassal",2002,143,211
"Grenache","34Mtp6","Vassal",2003,150,234
"Grenache","34Mtp6","Vassal",2004,156,217
"Grenache","34Mtp6","Vassal",2005,153,216
"Grenache","34Mtp6","Vassal",2006,146,222
"Grenache","34Mtp6","Vassal",2007,139,230
"Grenache","34Mtp6","Vassal",2008,150,234
"Grenache","34Mtp6","Vassal",2009,145,222
"Grenache","34Mtp6","Vassal",2010,152,244
"Grenache","34Mtp6","Vassal",2011,138,217
"Grenache","34Mtp6","Vassal",2012,150,232
"Grenache","34Mtp6","Vassal",2013,155,219
"Grenache","34Mtp6","Vassal",2014,141,219
"Grenache","34Mtp6","Vassal",2017,134,205
"Grenache","34Mtp6","Vassal",2018,142,211
"Grenache","34Mtp6","Vassal",2019,145,214
"Merlot","0Mtp1181","Vassal",2017,136,206
"Merlot","0Mtp1181","Vassal",2018,146,224
"Merlot","0Mtp1181","Vassal",2019,146,225
"Merlot","0Mtp167","Vassal",2018,144,223
"Merlot","326Mtp2","Vassal",1995,146,221
"Merlot","326Mtp2","Vassal",1998,147,219
"Merlot","326Mtp2","Vassal",1999,142,204
"Merlot","326Mtp2","Vassal",2000,150,220
"Merlot","326Mtp2","Vassal",2001,146,231
"Merlot","326Mtp2","Vassal",2002,143,207
"Merlot","326Mtp2","Vassal",2003,148,221
"Merlot","326Mtp2","Vassal",2004,154,218
"Merlot","326Mtp2","Vassal",2005,150,216
"Merlot","326Mtp2","Vassal",2006,143,214
"Merlot","326Mtp2","Vassal",2007,138,201
"Merlot","326Mtp2","Vassal",2008,144,212
"Merlot","326Mtp2","Vassal",2009,144,212
"Merlot","326Mtp2","Vassal",2010,148,227
"Merlot","326Mtp2","Vassal",2011,131,209
"Merlot","326Mtp2","Vassal",2012,146,211
"Merlot","326Mtp2","Vassal",2013,151,228
"Merlot","326Mtp2","Vassal",2014,141,211
"Merlot","326Mtp2","Vassal",2017,138,214
"Merlot","326Mtp2","Vassal",2018,147,218
"Merlot","326Mtp2","Vassal",2019,152,237
"Merlot","326Mtp4","Vassal",1998,142,209
"Merlot","326Mtp4","Vassal",1999,145,207
"Merlot","326Mtp4","Vassal",2000,147,207
"Merlot","326Mtp4","Vassal",2001,144,220
"Merlot","326Mtp4","Vassal",2002,146,213
"Merlot","326Mtp4","Vassal",2003,150,238
"Merlot","326Mtp4","Vassal",2004,156,222
"Merlot","326Mtp4","Vassal",2005,149,213
"Merlot","326Mtp4","Vassal",2006,142,220
"Merlot","326Mtp4","Vassal",2008,143,212
"Merlot","326Mtp4","Vassal",2009,142,207
"Merlot","326Mtp4","Vassal",2010,147,221
"Merlot","326Mtp4","Vassal",2011,131,199
"Merlot","326Mtp4","Vassal",2012,146,220
"Merlot","326Mtp4","Vassal",2013,152,222
"Merlot","326Mtp4","Vassal",2014,140,211
"Merlot","326Mtp4","Vassal",2017,134,207
"Merlot","326Mtp4","Vassal",2018,140,215
"Merlot","326Mtp4","Vassal",2019,144,235
"Merlot","326Mtp8","Vassal",2013,154,228
"Merlot","326Mtp8","Vassal",2017,135,209
"Merlot","326Mtp8","Vassal",2018,142,208
"Merlot","326Mtp8","Vassal",2019,145,226
"Pinot noir","193Mtp1","Vassal",2017,133,198
"Pinot noir","193Mtp1","Vassal",2018,144,206
"Pinot noir","193Mtp1","Vassal",2019,146,210
"Pinot noir","193Mtp40","Vassal",2017,133,191
"Pinot noir","193Mtp40","Vassal",2018,139,189
"Pinot noir","193Mtp40","Vassal",2019,143,216
"Pinot noir","193Mtp41","Vassal",2017,132,182
"Pinot noir","193Mtp41","Vassal",2018,139,205
"Pinot noir","193Mtp41","Vassal",2019,142,215
"Pinot noir","193Mtp77","Vassal",2017,133,192
"Pinot noir","193Mtp77","Vassal",2018,141,198
"Pinot noir","193Mtp77","Vassal",2019,142,216
"Pinot noir","193Mtp81","Vassal",2017,131,193
"Pinot noir","193Mtp81","Vassal",2018,140,203
"Pinot noir","193Mtp81","Vassal",2019,142,206
"Sauvignon","300Mtp11","Vassal",1987,155,220
"Sauvignon","300Mtp19","Vassal",1987,156,223
"Sauvignon","300Mtp19","Vassal",2003,150,208
"Sauvignon","300Mtp19","Vassal",2004,154,221
"Sauvignon","300Mtp19","Vassal",2005,152,214
"Sauvignon","300Mtp19","Vassal",2006,146,207
"Sauvignon","300Mtp19","Vassal",2007,141,197
"Sauvignon","300Mtp19","Vassal",2008,149,214
"Sauvignon","300Mtp19","Vassal",2009,146,214
"Sauvignon","300Mtp19","Vassal",2010,151,210
"Sauvignon","300Mtp19","Vassal",2011,133,201
"Sauvignon","300Mtp19","Vassal",2012,150,219
"Sauvignon","300Mtp19","Vassal",2013,154,220
"Sauvignon","300Mtp19","Vassal",2014,147,193
"Sauvignon","300Mtp19","Vassal",2017,138,199
"Sauvignon","300Mtp19","Vassal",2018,144,205
"Sauvignon","300Mtp19","Vassal",2019,147,214
"Sauvignon","300Mtp20","Vassal",1988,155,226
"Sauvignon","300Mtp20","Vassal",1989,150,212
"Sauvignon","300Mtp20","Vassal",1990,143,207
"Sauvignon","300Mtp20","Vassal",1991,151,212
"Sauvignon","300Mtp20","Vassal",1992,142,210
"Sauvignon","300Mtp20","Vassal",1993,151,205
"Sauvignon","300Mtp20","Vassal",1994,146,214
"Sauvignon","300Mtp20","Vassal",1995,149,217
"Sauvignon","300Mtp20","Vassal",2002,147,211
"Sauvignon","300Mtp20","Vassal",2003,146,211
"Sauvignon","300Mtp20","Vassal",2004,156,224
"Sauvignon","300Mtp20","Vassal",2005,152,214
"Sauvignon","300Mtp20","Vassal",2006,145,206
"Sauvignon","300Mtp20","Vassal",2007,140,204
"Sauvignon","300Mtp20","Vassal",2008,142,201
"Sauvignon","300Mtp20","Vassal",2009,142,209
"Sauvignon","300Mtp20","Vassal",2017,142,203
"Sauvignon","300Mtp20","Vassal",2018,149,214
"Sauvignon","300Mtp20","Vassal",2019,154,210
"Sauvignon","300Mtp21","Vassal",1988,155,222
"Sauvignon","300Mtp21","Vassal",1989,150,213
"Sauvignon","300Mtp21","Vassal",1990,143,210
"Sauvignon","300Mtp21","Vassal",1991,151,215
"Sauvignon","300Mtp21","Vassal",1992,142,225
"Sauvignon","300Mtp21","Vassal",1993,151,218
"Sauvignon","300Mtp21","Vassal",1994,146,205
"Sauvignon","300Mtp21","Vassal",1995,153,215
"Sauvignon","300Mtp28","Vassal",1991,151,217
"Sauvignon","300Mtp28","Vassal",1996,154,216
"Sauvignon","300Mtp28","Vassal",1997,134,207
"Sauvignon","300Mtp28","Vassal",1998,147,204
"Sauvignon","300Mtp28","Vassal",1999,146,214
"Sauvignon","300Mtp28","Vassal",2000,144,217
"Sauvignon","300Mtp29","Vassal",1996,154,217
"Sauvignon","300Mtp29","Vassal",1997,137,211
"Sauvignon","300Mtp29","Vassal",1998,147,218
"Sauvignon","300Mtp29","Vassal",1999,146,209
"Sauvignon","300Mtp29","Vassal",2000,150,210
"Sauvignon","300Mtp29","Vassal",2001,144,205
"Sauvignon","300Mtp29","Vassal",2002,147,212
"Sauvignon","300Mtp29","Vassal",2003,150,204
"Sauvignon","300Mtp29","Vassal",2004,156,215
"Sauvignon","300Mtp29","Vassal",2005,152,217
"Sauvignon","300Mtp29","Vassal",2006,147,216
"Sauvignon","300Mtp29","Vassal",2007,141,201
"Sauvignon","300Mtp29","Vassal",2008,149,215
"Sauvignon","300Mtp29","Vassal",2010,148,210
"Sauvignon","300Mtp29","Vassal",2011,137,203
"Sauvignon","300Mtp29","Vassal",2012,148,219
"Sauvignon","300Mtp29","Vassal",2014,146,206
"Sauvignon","300Mtp31","Vassal",1996,154,209
"Sauvignon","300Mtp31","Vassal",1997,137,205
"Sauvignon","300Mtp31","Vassal",1999,145,209
"Sauvignon","300Mtp31","Vassal",2000,150,220
"Sauvignon","300Mtp31","Vassal",2001,144,200
"Sauvignon","300Mtp31","Vassal",2003,150,213
"Sauvignon","300Mtp31","Vassal",2004,156,220
"Sauvignon","300Mtp31","Vassal",2005,152,218
"Sauvignon","300Mtp38","Vassal",2010,151,215
"Sauvignon","300Mtp38","Vassal",2011,136,207
"Sauvignon","300Mtp38","Vassal",2012,148,203
"Sauvignon","300Mtp38","Vassal",2013,158,219
"Sauvignon","300Mtp38","Vassal",2017,138,197
"Sauvignon","300Mtp38","Vassal",2018,149,211
"Sauvignon","300Mtp38","Vassal",2019,150,200
"Sauvignon","300Mtp4","Vassal",1987,155,224
"Sauvignon","300Mtp40","Vassal",1996,154,206
"Sauvignon","300Mtp40","Vassal",1997,137,203
"Sauvignon","300Mtp40","Vassal",1998,147,207
"Sauvignon","300Mtp40","Vassal",1999,147,204
"Sauvignon","300Mtp40","Vassal",2000,150,208
"Sauvignon","300Mtp40","Vassal",2001,147,215
"Sauvignon","300Mtp40","Vassal",2002,143,220
"Sauvignon","300Mtp40","Vassal",2006,147,214
"Sauvignon","300Mtp40","Vassal",2007,141,216
"Sauvignon","300Mtp40","Vassal",2008,149,211
"Sauvignon","300Mtp40","Vassal",2009,146,216
"Sauvignon","300Mtp40","Vassal",2010,148,201
"Sauvignon","300Mtp40","Vassal",2011,137,207
"Sauvignon","300Mtp40","Vassal",2012,149,215
"Sauvignon","300Mtp40","Vassal",2013,157,216
"Sauvignon","300Mtp40","Vassal",2014,146,220
"Sauvignon","300Mtp40","Vassal",2017,139,195
"Sauvignon","300Mtp40","Vassal",2018,147,205
"Sauvignon","300Mtp40","Vassal",2019,150,196
"Sauvignon","300Mtp41","Vassal",1988,152,220
"Sauvignon","300Mtp41","Vassal",1989,142,210
"Sauvignon","300Mtp41","Vassal",1990,138,203
"Sauvignon","300Mtp41","Vassal",2001,147,218
"Sauvignon","300Mtp41","Vassal",2002,147,215
"Sauvignon","300Mtp41","Vassal",2003,150,213
"Sauvignon","300Mtp41","Vassal",2004,156,212
"Sauvignon","300Mtp41","Vassal",2005,153,215
"Sauvignon","300Mtp41","Vassal",2006,147,214
"Sauvignon","300Mtp41","Vassal",2007,143,221
"Sauvignon","300Mtp41","Vassal",2008,150,226
"Sauvignon","300Mtp41","Vassal",2009,146,210
"Sauvignon","300Mtp41","Vassal",2010,155,219
"Sauvignon","300Mtp41","Vassal",2011,137,203
"Sauvignon","300Mtp41","Vassal",2012,150,215
"Sauvignon","300Mtp41","Vassal",2013,157,215
"Sauvignon","300Mtp41","Vassal",2014,148,213
"Sauvignon","300Mtp41","Vassal",2017,140,208
"Sauvignon","300Mtp41","Vassal",2018,150,216
"Sauvignon","300Mtp41","Vassal",2019,153,214
"Sauvignon","300Mtp42","Vassal",1987,155,232
"Sauvignon","300Mtp42","Vassal",1988,152,212
"Sauvignon","300Mtp42","Vassal",1989,142,215
"Sauvignon","300Mtp5","Vassal",1987,157,227
"Sauvignon","300Mtp5","Vassal",1992,147,219
"Sauvignon","300Mtp5","Vassal",1996,153,212
"Syrah","150Mtp10","Vassal",1987,157,218
"Syrah","150Mtp11","Vassal",1987,156,219
"Syrah","150Mtp11","Vassal",1988,151,211
"Syrah","150Mtp11","Vassal",1989,150,214
"Syrah","150Mtp11","Vassal",1990,143,204
"Syrah","150Mtp11","Vassal",1991,151,211
"Syrah","150Mtp11","Vassal",1992,143,206
"Syrah","150Mtp11","Vassal",1993,156,217
"Syrah","150Mtp11","Vassal",1994,146,209
"Syrah","150Mtp11","Vassal",1995,149,212
"Syrah","150Mtp14","Vassal",1989,150,215
"Syrah","150Mtp14","Vassal",2002,147,211
"Syrah","150Mtp14","Vassal",2003,150,215
"Syrah","150Mtp14","Vassal",2004,156,218
"Syrah","150Mtp14","Vassal",2005,154,213
"Syrah","150Mtp14","Vassal",2006,148,217
"Syrah","150Mtp14","Vassal",2007,141,203
"Syrah","150Mtp14","Vassal",2008,148,213
"Syrah","150Mtp14","Vassal",2009,146,208
"Syrah","150Mtp14","Vassal",2010,154,218
"Syrah","150Mtp14","Vassal",2011,137,200
"Syrah","150Mtp14","Vassal",2012,151,210
"Syrah","150Mtp14","Vassal",2013,158,220
"Syrah","150Mtp14","Vassal",2014,143,207
"Syrah","150Mtp14","Vassal",2017,138,201
"Syrah","150Mtp14","Vassal",2018,147,208
"Syrah","150Mtp14","Vassal",2019,151,218
"Syrah","150Mtp23","Vassal",2002,147,211
"Syrah","150Mtp23","Vassal",2003,154,222
"Syrah","150Mtp23","Vassal",2004,159,220
"Syrah","150Mtp23","Vassal",2005,154,218
"Syrah","150Mtp23","Vassal",2006,148,216
"Syrah","150Mtp23","Vassal",2007,141,204
"Syrah","150Mtp23","Vassal",2008,150,210
"Syrah","150Mtp23","Vassal",2009,146,208
"Syrah","150Mtp23","Vassal",2010,154,220
"Syrah","150Mtp23","Vassal",2011,137,197
"Syrah","150Mtp23","Vassal",2012,153,214
"Syrah","150Mtp23","Vassal",2013,157,217
"Syrah","150Mtp23","Vassal",2014,143,205
"Syrah","150Mtp23","Vassal",2017,139,202
"Syrah","150Mtp23","Vassal",2018,145,208
"Syrah","150Mtp23","Vassal",2019,148,216
"Syrah","150Mtp24","Vassal",1989,150,215
"Syrah","150Mtp28","Vassal",2010,152,215
"Syrah","150Mtp28","Vassal",2011,139,201
"Syrah","150Mtp28","Vassal",2012,147,206
"Syrah","150Mtp28","Vassal",2013,157,221
"Syrah","150Mtp28","Vassal",2017,140,204
"Syrah","150Mtp28","Vassal",2018,149,213
"Syrah","150Mtp29","Vassal",1998,153,214
"Syrah","150Mtp29","Vassal",1999,148,207
"Syrah","150Mtp29","Vassal",2000,154,214
"Syrah","150Mtp29","Vassal",2001,144,206
"Syrah","150Mtp29","Vassal",2002,147,208
"Syrah","150Mtp29","Vassal",2003,150,215
"Syrah","150Mtp29","Vassal",2004,159,222
"Syrah","150Mtp29","Vassal",2005,154,217
"Syrah","150Mtp29","Vassal",2006,148,213
"Syrah","150Mtp29","Vassal",2007,142,205
"Syrah","150Mtp29","Vassal",2009,142,206
"Syrah","150Mtp29","Vassal",2010,154,216
"Syrah","150Mtp29","Vassal",2011,137,200
"Syrah","150Mtp29","Vassal",2012,152,213
"Syrah","150Mtp29","Vassal",2013,157,225
"Syrah","150Mtp29","Vassal",2014,142,205
"Syrah","150Mtp29","Vassal",2017,142,204
"Syrah","150Mtp29","Vassal",2018,149,214
"Syrah","150Mtp29","Vassal",2019,152,219
"Syrah","150Mtp3","Vassal",1993,156,217
"Syrah","150Mtp3","Vassal",1995,150,212
"Syrah","150Mtp3","Vassal",1996,155,217
"Syrah","150Mtp3","Vassal",1997,141,203
"Syrah","150Mtp3","Vassal",1998,153,214
"Syrah","150Mtp3","Vassal",1999,148,206
"Syrah","150Mtp3","Vassal",2000,154,214
"Syrah","150Mtp3","Vassal",2001,144,206
"Syrah","150Mtp3","Vassal",2002,143,205
"Syrah","150Mtp3","Vassal",2003,146,211
"Syrah","150Mtp3","Vassal",2004,156,218
"Syrah","150Mtp3","Vassal",2005,152,215
"Syrah","150Mtp3","Vassal",2006,146,213
"Syrah","150Mtp3","Vassal",2007,140,202
"Syrah","150Mtp3","Vassal",2008,145,206
"Syrah","150Mtp3","Vassal",2009,142,206
"Syrah","150Mtp30","Vassal",1989,150,212
"Syrah","150Mtp30","Vassal",1992,145,207
"Syrah","150Mtp30","Vassal",1997,141,205
"Syrah","150Mtp30","Vassal",1998,153,214
"Syrah","150Mtp30","Vassal",1999,148,208
"Syrah","150Mtp30","Vassal",2000,154,214
"Syrah","150Mtp32","Vassal",1989,156,218
"Syrah","150Mtp32","Vassal",1990,143,205
"Syrah","150Mtp32","Vassal",1991,154,213
"Syrah","150Mtp32","Vassal",1992,147,210
"Syrah","150Mtp32","Vassal",2001,144,206
"Syrah","150Mtp32","Vassal",2002,143,206
"Syrah","150Mtp32","Vassal",2003,154,220
"Syrah","150Mtp32","Vassal",2004,159,221
"Syrah","150Mtp32","Vassal",2005,155,217
"Syrah","150Mtp32","Vassal",2006,149,216
"Syrah","150Mtp32","Vassal",2007,141,206
"Syrah","150Mtp32","Vassal",2008,148,210
"Syrah","150Mtp32","Vassal",2009,146,206
"Syrah","150Mtp32","Vassal",2010,155,215
"Syrah","150Mtp32","Vassal",2011,139,201
"Syrah","150Mtp32","Vassal",2012,152,211
"Syrah","150Mtp32","Vassal",2013,161,225
"Syrah","150Mtp32","Vassal",2014,147,206
"Syrah","150Mtp32","Vassal",2017,141,206
"Syrah","150Mtp32","Vassal",2018,148,217
"Syrah","150Mtp32","Vassal",2019,152,220
"Syrah","150Mtp6","Vassal",1987,161,223
"Syrah","150Mtp6","Vassal",1988,153,216
"Syrah","150Mtp6","Vassal",1989,147,211
"Syrah","150Mtp6","Vassal",1990,143,207
"Syrah","150Mtp6","Vassal",1991,154,216
"Syrah","150Mtp6","Vassal",1992,147,210
"Syrah","150Mtp6","Vassal",1994,146,211
"Syrah","150Mtp6","Vassal",1995,146,206
"Syrah","150Mtp6","Vassal",1996,150,211
"Syrah","150Mtp6","Vassal",1997,132,196
"Syrah","150Mtp7","Vassal",1987,159,220
"Syrah","150Mtp7","Vassal",1988,153,216
"Syrah","150Mtp7","Vassal",1989,147,208
"Syrah","150Mtp7","Vassal",1990,143,206
"Syrah","150Mtp7","Vassal",1991,152,217
"Syrah","150Mtp7","Vassal",1992,147,207
"Syrah","150Mtp7","Vassal",1993,156,215
"Syrah","150Mtp7","Vassal",1994,146,209
"Syrah","150Mtp7","Vassal",1995,146,209
"Syrah","150Mtp7","Vassal",1996,150,215
"Syrah","150Mtp7","Vassal",1997,132,193
"Syrah","150Mtp7","Vassal",1998,153,210
"Syrah","150Mtp7","Vassal",1999,148,213
"Syrah","150Mtp7","Vassal",2000,154,216
"Syrah","150Mtp9","Vassal",1987,157,217
"Syrah","150Mtp9","Vassal",1988,151,214
"Syrah","150Mtp9","Vassal",1989,145,208
"Syrah","150Mtp9","Vassal",1990,143,205
"Syrah","150Mtp9","Vassal",1991,151,215
"Syrah","150Mtp9","Vassal",1992,147,210
"Syrah","150Mtp9","Vassal",1994,146,205
"Syrah","150Mtp9","Vassal",1995,149,210
"Ugni blanc","74Mtp11","Vassal",1987,165,240
"Ugni blanc","74Mtp11","Vassal",1988,160,241
"Ugni blanc","74Mtp11","Vassal",1989,153,218
"Ugni blanc","74Mtp11","Vassal",1990,150,224
"Ugni blanc","74Mtp11","Vassal",1991,163,232
"Ugni blanc","74Mtp11","Vassal",1992,152,222
"Ugni blanc","74Mtp11","Vassal",2002,147,207
"Ugni blanc","74Mtp11","Vassal",2003,150,212
"Ugni blanc","74Mtp11","Vassal",2004,156,224
"Ugni blanc","74Mtp11","Vassal",2005,156,227
"Ugni blanc","74Mtp11","Vassal",2006,149,212
"Ugni blanc","74Mtp11","Vassal",2007,146,221
"Ugni blanc","74Mtp11","Vassal",2008,152,236
"Ugni blanc","74Mtp11","Vassal",2009,148,221
"Ugni blanc","74Mtp11","Vassal",2010,154,236
"Ugni blanc","74Mtp11","Vassal",2011,137,204
"Ugni blanc","74Mtp11","Vassal",2012,153,219
"Ugni blanc","74Mtp11","Vassal",2013,161,224
"Ugni blanc","74Mtp11","Vassal",2014,150,217
"Ugni blanc","74Mtp11","Vassal",2017,143,229
"Ugni blanc","74Mtp11","Vassal",2018,152,229
"Ugni blanc","74Mtp11","Vassal",2019,151,225
"Ugni blanc","74Mtp13","Vassal",1987,165,247
"Ugni blanc","74Mtp13","Vassal",1988,160,241
"Ugni blanc","74Mtp13","Vassal",1989,153,219
"Ugni blanc","74Mtp13","Vassal",1990,150,220
"Ugni blanc","74Mtp13","Vassal",1991,163,237
"Ugni blanc","74Mtp13","Vassal",1992,152,230
"Ugni blanc","74Mtp13","Vassal",1993,156,229
"Ugni blanc","74Mtp13","Vassal",2001,149,217
"Ugni blanc","74Mtp13","Vassal",2002,151,226
"Ugni blanc","74Mtp13","Vassal",2003,154,215
"Ugni blanc","74Mtp13","Vassal",2004,159,227
"Ugni blanc","74Mtp13","Vassal",2005,157,217
"Ugni blanc","74Mtp13","Vassal",2006,149,224
"Ugni blanc","74Mtp13","Vassal",2007,144,215
"Ugni blanc","74Mtp13","Vassal",2008,152,257
"Ugni blanc","74Mtp13","Vassal",2009,148,219
"Ugni blanc","74Mtp13","Vassal",2010,154,226
"Ugni blanc","74Mtp13","Vassal",2011,139,217
"Ugni blanc","74Mtp13","Vassal",2012,153,217
"Ugni blanc","74Mtp13","Vassal",2013,160,218
"Ugni blanc","74Mtp13","Vassal",2014,149,209
"Ugni blanc","74Mtp13","Vassal",2017,145,214
"Ugni blanc","74Mtp13","Vassal",2018,151,208
"Ugni blanc","74Mtp13","Vassal",2019,154,230
"Ugni blanc","74Mtp2","Vassal",1987,165,235
"Ugni blanc","74Mtp2","Vassal",1988,160,235
"Ugni blanc","74Mtp2","Vassal",1989,153,242
"Ugni blanc","74Mtp2","Vassal",1990,148,209
"Ugni blanc","74Mtp2","Vassal",1991,163,233
"Ugni blanc","74Mtp2","Vassal",1992,152,222
"Ugni blanc","74Mtp2","Vassal",1993,154,229
"Ugni blanc","74Mtp2","Vassal",1994,154,204
"Ugni blanc","74Mtp2","Vassal",1995,155,227
"Ugni blanc","74Mtp3","Vassal",1991,157,216
"Ugni blanc","74Mtp31","Vassal",1998,153,222
"Ugni blanc","74Mtp31","Vassal",1999,151,212
"Ugni blanc","74Mtp31","Vassal",2000,154,221
"Ugni blanc","74Mtp31","Vassal",2001,149,227
"Ugni blanc","74Mtp31","Vassal",2002,147,217
"Ugni blanc","74Mtp31","Vassal",2003,156,248
"Ugni blanc","74Mtp31","Vassal",2004,158,238
"Ugni blanc","74Mtp31","Vassal",2005,157,231
"Ugni blanc","74Mtp31","Vassal",2006,150,217
"Ugni blanc","74Mtp31","Vassal",2007,145,218
"Ugni blanc","74Mtp31","Vassal",2008,153,229
"Ugni blanc","74Mtp31","Vassal",2009,151,213
"Ugni blanc","74Mtp31","Vassal",2011,140,215
"Ugni blanc","74Mtp31","Vassal",2012,153,220
"Ugni blanc","74Mtp31","Vassal",2013,159,225
"Ugni blanc","74Mtp31","Vassal",2014,150,220
"Ugni blanc","74Mtp35","Vassal",2002,151,226
"Ugni blanc","74Mtp35","Vassal",2003,150,206
"Ugni blanc","74Mtp35","Vassal",2004,159,232
"Ugni blanc","74Mtp35","Vassal",2005,157,216
"Ugni blanc","74Mtp35","Vassal",2006,149,215
"Ugni blanc","74Mtp35","Vassal",2007,147,213
"Ugni blanc","74Mtp35","Vassal",2008,156,227
"Ugni blanc","74Mtp35","Vassal",2009,153,219
"Ugni blanc","74Mtp35","Vassal",2017,143,212
"Ugni blanc","74Mtp35","Vassal",2018,153,235
"Ugni blanc","74Mtp36","Vassal",1991,158,238
"Ugni blanc","74Mtp36","Vassal",1992,152,225
"Ugni blanc","74Mtp36","Vassal",1993,156,222
"Ugni blanc","74Mtp36","Vassal",2010,154,225
"Ugni blanc","74Mtp36","Vassal",2012,150,226
"Ugni blanc","74Mtp36","Vassal",2013,159,237
"Ugni blanc","74Mtp4","Vassal",2010,151,223
"Ugni blanc","74Mtp4","Vassal",2011,137,216
"Ugni blanc","74Mtp4","Vassal",2012,151,211
"Ugni blanc","74Mtp4","Vassal",2013,159,234
"Ugni blanc","74Mtp4","Vassal",2017,140,206
"Ugni blanc","74Mtp4","Vassal",2018,149,215
"Ugni blanc","74Mtp4","Vassal",2019,151,224
"Ugni blanc","74Mtp9","Vassal",1987,165,243
"Ugni blanc","74Mtp9","Vassal",1988,160,224
"Ugni blanc","74Mtp9","Vassal",1989,153,222
"Ugni blanc","74Mtp9","Vassal",1990,150,236
"Ugni blanc","74Mtp9","Vassal",1991,163,236
"Ugni blanc","74Mtp9","Vassal",1992,152,237
"Ugni blanc","74Mtp9","Vassal",1995,155,211
"Chasselas","585Mtp22","Vassal",1990,140,203
"Chasselas","585Mtp22","Vassal",1991,150,199
"Chasselas","585Mtp22","Vassal",1992,143,198
"Chasselas","585Mtp22","Vassal",1994,142,199
"Chasselas","585Mtp62","Vassal",2011,133,192
"Chasselas","585Mtp8","Vassal",2011,135,183
"Chasselas","585Mtp90","Vassal",2011,131,190
"Grenache","34Mtp13","Vassal",1988,155,234
"Pinot noir","193Mtp2","Vassal",1987,153,223
"Pinot noir","193Mtp31","Vassal",1987,154,215
"Pinot noir","193Mtp33","Vassal",1987,154,217
"Pinot noir","193Mtp38","Vassal",1987,153,205
"Pinot noir","193Mtp52","Vassal",1987,154,216
"Pinot noir","193Mtp53","Vassal",1987,154,226
"Pinot noir","193Mtp55","Vassal",1987,153,214
"Pinot noir","193Mtp6","Vassal",1987,153,218
"Pinot noir","193Mtp2","Vassal",1988,147,214
"Pinot noir","193Mtp31","Vassal",1988,147,217
"Pinot noir","193Mtp33","Vassal",1988,147,208
"Pinot noir","193Mtp38","Vassal",1988,147,208
"Pinot noir","193Mtp52","Vassal",1988,147,216
"Pinot noir","193Mtp53","Vassal",1988,147,217
"Pinot noir","193Mtp55","Vassal",1988,147,207
"Pinot noir","193Mtp6","Vassal",1988,147,211
"Pinot noir","193Mtp1","Vassal",1989,142,204
"Pinot noir","193Mtp2","Vassal",1989,142,200
"Pinot noir","193Mtp31","Vassal",1989,143,202
"Pinot noir","193Mtp33","Vassal",1989,142,210
"Pinot noir","193Mtp53","Vassal",1989,142,204
"Pinot noir","193Mtp55","Vassal",1989,142,206
"Pinot noir","193Mtp6","Vassal",1989,144,205
"Pinot noir","193Mtp2","Vassal",1990,139,197
"Pinot noir","193Mtp31","Vassal",1990,139,198
"Pinot noir","193Mtp33","Vassal",1990,139,210
"Pinot noir","193Mtp53","Vassal",1990,139,200
"Pinot noir","193Mtp55","Vassal",1990,139,207
"Pinot noir","193Mtp6","Vassal",1990,138,200
"Pinot noir","193Mtp102","Vassal",1991,152,216
"Pinot noir","193Mtp103","Vassal",1991,153,205
"Pinot noir","193Mtp2","Vassal",1991,148,212
"Pinot noir","193Mtp31","Vassal",1991,152,217
"Pinot noir","193Mtp33","Vassal",1991,152,211
"Pinot noir","193Mtp6","Vassal",1991,154,214
"Pinot noir","193Mtp102","Vassal",1992,142,202
"Pinot noir","193Mtp103","Vassal",1992,140,207
"Pinot noir","193Mtp2","Vassal",1992,143,202
"Pinot noir","193Mtp31","Vassal",1992,143,209
"Pinot noir","193Mtp33","Vassal",1992,143,220
"Pinot noir","193Mtp6","Vassal",1992,143,209
"Pinot noir","193Mtp102","Vassal",1993,143,208
"Pinot noir","193Mtp103","Vassal",1993,148,209
"Pinot noir","193Mtp1","Vassal",1994,139,205
"Pinot noir","193Mtp2","Vassal",1994,138,200
"Pinot noir","193Mtp31","Vassal",1994,140,210
"Pinot noir","193Mtp33","Vassal",1994,138,202
"Pinot noir","193Mtp6","Vassal",1994,138,206
"Pinot noir","193Mtp2","Vassal",1995,143,198
"Pinot noir","193Mtp31","Vassal",1995,143,217
"Pinot noir","193Mtp33","Vassal",1995,143,207
"Pinot noir","193Mtp6","Vassal",1995,143,218
"Pinot noir","193Mtp1","Vassal",1996,147,188
"Pinot noir","193Mtp2","Vassal",1996,147,210
"Pinot noir","193Mtp31","Vassal",1996,147,203
"Pinot noir","193Mtp33","Vassal",1996,147,207
"Pinot noir","193Mtp6","Vassal",1996,147,203
"Pinot noir","193Mtp2","Vassal",1997,125,193
"Pinot noir","193Mtp31","Vassal",1997,137,203
"Pinot noir","193Mtp33","Vassal",1997,137,205
"Pinot noir","193Mtp6","Vassal",1997,125,183
"Pinot noir","193Mtp18","Vassal",1998,142,205
"Pinot noir","193Mtp6","Vassal",1998,142,211
"Pinot noir","193Mtp88","Vassal",1998,142,208
"Pinot noir","193Mtp90","Vassal",1998,142,190
"Pinot noir","193Mtp18","Vassal",1999,142,205
"Pinot noir","193Mtp6","Vassal",1999,143,200
"Pinot noir","193Mtp88","Vassal",1999,144,209
"Pinot noir","193Mtp90","Vassal",1999,144,203
"Pinot noir","193Mtp18","Vassal",2000,147,213
"Pinot noir","193Mtp6","Vassal",2000,150,208
"Pinot noir","193Mtp88","Vassal",2000,150,211
"Pinot noir","193Mtp90","Vassal",2000,144,207
"Pinot noir","193Mtp1","Vassal",2001,138,202
"Pinot noir","193Mtp1","Vassal",2002,143,204
"Pinot noir","193Mtp40","Vassal",2002,143,214
"Pinot noir","193Mtp41","Vassal",2002,141,209
"Pinot noir","193Mtp77","Vassal",2002,143,211
"Pinot noir","193Mtp81","Vassal",2002,143,199
"Pinot noir","193Mtp1","Vassal",2003,143,215
"Pinot noir","193Mtp40","Vassal",2003,143,211
"Pinot noir","193Mtp41","Vassal",2003,143,214
"Pinot noir","193Mtp77","Vassal",2003,143,198
"Pinot noir","193Mtp81","Vassal",2003,143,207
"Pinot noir","193Mtp1","Vassal",2004,154,228
"Pinot noir","193Mtp40","Vassal",2004,154,220
"Pinot noir","193Mtp41","Vassal",2004,154,211
"Pinot noir","193Mtp77","Vassal",2004,154,205
"Pinot noir","193Mtp81","Vassal",2004,154,217
"Pinot noir","193Mtp1","Vassal",2005,150,206
"Pinot noir","193Mtp40","Vassal",2005,150,221
"Pinot noir","193Mtp41","Vassal",2005,150,211
"Pinot noir","193Mtp77","Vassal",2005,149,208
"Pinot noir","193Mtp81","Vassal",2005,150,213
"Pinot noir","193Mtp1","Vassal",2006,143,206
"Pinot noir","193Mtp40","Vassal",2006,144,223
"Pinot noir","193Mtp41","Vassal",2006,144,182
"Pinot noir","193Mtp77","Vassal",2006,144,211
"Pinot noir","193Mtp81","Vassal",2006,143,198
"Pinot noir","193Mtp1","Vassal",2007,135,211
"Pinot noir","193Mtp40","Vassal",2007,135,192
"Pinot noir","193Mtp41","Vassal",2007,135,188
"Pinot noir","193Mtp77","Vassal",2007,134,195
"Pinot noir","193Mtp81","Vassal",2007,135,197
"Pinot noir","193Mtp1","Vassal",2008,140,209
"Pinot noir","193Mtp40","Vassal",2008,143,209
"Pinot noir","193Mtp41","Vassal",2008,143,191
"Pinot noir","193Mtp77","Vassal",2008,140,203
"Pinot noir","193Mtp81","Vassal",2008,142,196
"Pinot noir","193Mtp1","Vassal",2009,142,203
"Pinot noir","193Mtp40","Vassal",2009,142,212
"Pinot noir","193Mtp41","Vassal",2009,142,200
"Pinot noir","193Mtp101","Vassal",2010,145,215
"Pinot noir","193Mtp40","Vassal",2010,146,204
"Pinot noir","193Mtp41","Vassal",2010,146,211
"Pinot noir","193Mtp77","Vassal",2010,145,211
"Pinot noir","193Mtp81","Vassal",2010,145,210
"Pinot noir","193Mtp101","Vassal",2011,131,201
"Pinot noir","193Mtp40","Vassal",2011,131,185
"Pinot noir","193Mtp41","Vassal",2011,131,192
"Pinot noir","193Mtp77","Vassal",2011,131,190
"Pinot noir","193Mtp81","Vassal",2011,129,192
"Pinot noir","193Mtp101","Vassal",2012,142,206
"Pinot noir","193Mtp40","Vassal",2012,146,207
"Pinot noir","193Mtp41","Vassal",2012,146,216
"Pinot noir","193Mtp77","Vassal",2012,145,210
"Pinot noir","193Mtp81","Vassal",2012,145,202
"Ugni blanc","74Mtp7","Vassal",2010,151,217
"Ugni blanc","74Mtp2","Vassal",2011,140,191
"Ugni blanc","74Mtp7","Vassal",2011,137,220
"Ugni blanc","74Mtp2","Vassal",2012,153,219
"Ugni blanc","74Mtp7","Vassal",2012,151,224
"Chardonnay","","Vassal",1979,144,211
"Chardonnay","","Vassal",1980,151,219
"Chardonnay","","Vassal",1981,149,213
"Chardonnay","","Vassal",1988,146,218
"Chasselas","","Vassal",1979,150,237
"Chasselas","","Vassal",1980,156,220
"Chasselas","","Vassal",1981,154,203
"Chasselas","","Vassal",1982,148,202
"Pinot noir","","Vassal",1979,144,197
"Pinot noir","","Vassal",1980,151,217
"Pinot noir","","Vassal",1981,149,217
"Pinot noir","","Vassal",1982,143,216
